-- phpMyAdmin SQL Dump
-- version 4.7.1
-- https://www.phpmyadmin.net/
--
-- Host: sql9.freemysqlhosting.net
-- Generation Time: May 03, 2023 at 09:05 PM
-- Server version: 5.5.62-0ubuntu0.14.04.1
-- PHP Version: 7.0.33-0ubuntu0.16.04.16

SET SQL_MODE = "NO_AUTO_VALUE_ON_ZERO";
SET AUTOCOMMIT = 0;
START TRANSACTION;
SET time_zone = "+00:00";


/*!40101 SET @OLD_CHARACTER_SET_CLIENT=@@CHARACTER_SET_CLIENT */;
/*!40101 SET @OLD_CHARACTER_SET_RESULTS=@@CHARACTER_SET_RESULTS */;
/*!40101 SET @OLD_COLLATION_CONNECTION=@@COLLATION_CONNECTION */;
/*!40101 SET NAMES utf8mb4 */;

--
-- Database: `sql9614594`
--

-- --------------------------------------------------------

--
-- Table structure for table `Asistencia`
--

CREATE TABLE `Asistencia` (
  `CURPempleado` varchar(128) NOT NULL,
  `CURPpaciente` varchar(128) NOT NULL
) ENGINE=InnoDB DEFAULT CHARSET=utf8mb4;

-- --------------------------------------------------------

--
-- Table structure for table `Brazalete`
--

CREATE TABLE `Brazalete` (
  `IDbrazalete` int(8) NOT NULL,
  `CURPpaciente` varchar(128) NOT NULL
) ENGINE=InnoDB DEFAULT CHARSET=utf8mb4;

--
-- Dumping data for table `Brazalete`
--

INSERT INTO `Brazalete` (`IDbrazalete`, `CURPpaciente`) VALUES
(4, 'AEME021121HCCRJK06'),
(1, 'OEAF771012MMCRGR09'),
(2, 'RLMI011012HMCIMJ09'),
(3, 'SABJ031012MMCRJK11');

-- --------------------------------------------------------

--
-- Table structure for table `Paciente`
--

CREATE TABLE `Paciente` (
  `CURP` varchar(128) NOT NULL,
  `Nombre` varchar(128) NOT NULL,
  `Apellidos` varchar(128) NOT NULL
) ENGINE=InnoDB DEFAULT CHARSET=utf8mb4;

--
-- Dumping data for table `Paciente`
--

INSERT INTO `Paciente` (`CURP`, `Nombre`, `Apellidos`) VALUES
('AEME021121HCCRJK06', 'Esteban', 'Aleman Manzanilla'),
('OEAF771012MMCRGR09', 'Natalia', 'Salgado Garcia'),
('RLMI011012HMCIMJ09', 'Imanol', 'Remon Lasheras'),
('SABJ031012MMCRJK11', 'Jessely', 'Santiago Bahena');

-- --------------------------------------------------------

--
-- Table structure for table `PersonalMedico`
--

CREATE TABLE `PersonalMedico` (
  `CURP` varchar(128) NOT NULL,
  `Nombre` varchar(128) NOT NULL,
  `Apellidos` varchar(128) NOT NULL,
  `Puesto` varchar(128) NOT NULL
) ENGINE=InnoDB DEFAULT CHARSET=utf8mb4;

-- --------------------------------------------------------

--
-- Table structure for table `Pulso`
--

CREATE TABLE `Pulso` (
  `IDpulso` int(128) NOT NULL,
  `Fecha` timestamp NOT NULL DEFAULT CURRENT_TIMESTAMP,
  `PPM` int(4) NOT NULL,
  `CURPpaciente` varchar(128) NOT NULL
) ENGINE=InnoDB DEFAULT CHARSET=utf8mb4;

--
-- Dumping data for table `Pulso`
--

INSERT INTO `Pulso` (`IDpulso`, `Fecha`, `PPM`, `CURPpaciente`) VALUES
(151, '2023-05-02 23:44:41', 74, 'RLMI011012HMCIMJ09'),
(152, '2023-05-02 23:45:10', 76, 'RLMI011012HMCIMJ09'),
(153, '2023-05-02 23:45:39', 75, 'RLMI011012HMCIMJ09'),
(154, '2023-05-02 23:46:08', 74, 'RLMI011012HMCIMJ09'),
(155, '2023-05-02 23:46:37', 70, 'RLMI011012HMCIMJ09'),
(156, '2023-05-02 23:47:05', 74, 'RLMI011012HMCIMJ09'),
(157, '2023-05-02 23:47:34', 69, 'RLMI011012HMCIMJ09'),
(158, '2023-05-02 23:48:03', 72, 'RLMI011012HMCIMJ09'),
(159, '2023-05-02 23:48:32', 72, 'RLMI011012HMCIMJ09'),
(160, '2023-05-02 23:49:01', 70, 'RLMI011012HMCIMJ09'),
(161, '2023-05-02 23:49:30', 72, 'RLMI011012HMCIMJ09'),
(162, '2023-05-02 23:49:59', 70, 'RLMI011012HMCIMJ09'),
(163, '2023-05-02 23:51:03', 54, 'SABJ031012MMCRJK11'),
(164, '2023-05-02 23:51:31', 55, 'SABJ031012MMCRJK11'),
(165, '2023-05-02 23:51:59', 50, 'SABJ031012MMCRJK11'),
(166, '2023-05-02 23:52:27', 53, 'SABJ031012MMCRJK11'),
(167, '2023-05-02 23:52:55', 57, 'SABJ031012MMCRJK11'),
(168, '2023-05-02 23:53:22', 58, 'SABJ031012MMCRJK11'),
(169, '2023-05-02 23:53:51', 55, 'SABJ031012MMCRJK11'),
(170, '2023-05-02 23:54:18', 56, 'SABJ031012MMCRJK11'),
(171, '2023-05-02 23:54:46', 52, 'SABJ031012MMCRJK11'),
(172, '2023-05-02 23:55:15', 56, 'SABJ031012MMCRJK11'),
(173, '2023-05-02 23:55:42', 57, 'SABJ031012MMCRJK11'),
(174, '2023-05-02 23:56:10', 51, 'SABJ031012MMCRJK11'),
(175, '2023-05-02 23:57:16', 38, 'AEME021121HCCRJK06'),
(176, '2023-05-02 23:57:44', 42, 'AEME021121HCCRJK06'),
(177, '2023-05-02 23:58:11', 40, 'AEME021121HCCRJK06'),
(178, '2023-05-02 23:58:39', 37, 'AEME021121HCCRJK06'),
(179, '2023-05-02 23:59:07', 38, 'AEME021121HCCRJK06'),
(180, '2023-05-02 23:59:35', 43, 'AEME021121HCCRJK06'),
(181, '2023-05-03 00:01:09', 44, 'AEME021121HCCRJK06'),
(182, '2023-05-03 00:01:37', 43, 'AEME021121HCCRJK06'),
(183, '2023-05-03 00:02:04', 39, 'AEME021121HCCRJK06'),
(184, '2023-05-03 00:02:33', 39, 'AEME021121HCCRJK06'),
(185, '2023-05-03 00:03:00', 40, 'AEME021121HCCRJK06'),
(186, '2023-05-03 00:03:28', 39, 'AEME021121HCCRJK06'),
(187, '2023-05-03 00:03:56', 39, 'AEME021121HCCRJK06'),
(188, '2023-05-03 00:04:24', 43, 'AEME021121HCCRJK06'),
(189, '2023-05-03 00:04:52', 35, 'AEME021121HCCRJK06'),
(190, '2023-05-03 00:05:20', 37, 'AEME021121HCCRJK06'),
(191, '2023-05-03 00:19:49', 73, 'OEAF771012MMCRGR09'),
(192, '2023-05-03 00:20:52', 74, 'OEAF771012MMCRGR09'),
(193, '2023-05-03 00:21:19', 72, 'OEAF771012MMCRGR09'),
(194, '2023-05-03 00:21:47', 72, 'OEAF771012MMCRGR09'),
(195, '2023-05-03 00:22:16', 74, 'OEAF771012MMCRGR09'),
(196, '2023-05-03 00:22:43', 73, 'OEAF771012MMCRGR09'),
(197, '2023-05-03 00:23:11', 74, 'OEAF771012MMCRGR09'),
(198, '2023-05-03 00:23:40', 72, 'OEAF771012MMCRGR09'),
(199, '2023-05-03 00:24:08', 74, 'OEAF771012MMCRGR09'),
(200, '2023-05-03 00:24:36', 75, 'OEAF771012MMCRGR09'),
(201, '2023-05-03 00:25:06', 70, 'OEAF771012MMCRGR09'),
(202, '2023-05-03 00:25:34', 71, 'OEAF771012MMCRGR09'),
(203, '2023-05-03 00:26:03', 72, 'OEAF771012MMCRGR09'),
(204, '2023-05-03 00:26:33', 72, 'OEAF771012MMCRGR09'),
(205, '2023-05-03 00:27:05', 74, 'OEAF771012MMCRGR09'),
(206, '2023-05-03 00:27:35', 72, 'OEAF771012MMCRGR09'),
(207, '2023-05-03 00:28:03', 70, 'OEAF771012MMCRGR09'),
(208, '2023-05-03 00:28:31', 71, 'OEAF771012MMCRGR09'),
(209, '2023-05-03 00:29:01', 74, 'OEAF771012MMCRGR09'),
(210, '2023-05-03 13:14:10', 40, 'OEAF771012MMCRGR09'),
(211, '2023-05-03 13:14:38', 38, 'OEAF771012MMCRGR09');

-- --------------------------------------------------------

--
-- Table structure for table `Temperatura`
--

CREATE TABLE `Temperatura` (
  `IDtemperatura` int(128) NOT NULL,
  `Fecha` timestamp NOT NULL DEFAULT CURRENT_TIMESTAMP,
  `Grados` float NOT NULL,
  `CURPpaciente` varchar(128) NOT NULL
) ENGINE=InnoDB DEFAULT CHARSET=utf8mb4;

--
-- Dumping data for table `Temperatura`
--

INSERT INTO `Temperatura` (`IDtemperatura`, `Fecha`, `Grados`, `CURPpaciente`) VALUES
(136, '2023-05-02 23:44:41', 36.28, 'RLMI011012HMCIMJ09'),
(137, '2023-05-02 23:45:10', 36.29, 'RLMI011012HMCIMJ09'),
(138, '2023-05-02 23:45:39', 36.3, 'RLMI011012HMCIMJ09'),
(139, '2023-05-02 23:46:08', 36.4, 'RLMI011012HMCIMJ09'),
(140, '2023-05-02 23:46:37', 36.4, 'RLMI011012HMCIMJ09'),
(141, '2023-05-02 23:47:05', 36.41, 'RLMI011012HMCIMJ09'),
(142, '2023-05-02 23:47:34', 36.25, 'RLMI011012HMCIMJ09'),
(143, '2023-05-02 23:48:03', 36.23, 'RLMI011012HMCIMJ09'),
(144, '2023-05-02 23:48:32', 36.23, 'RLMI011012HMCIMJ09'),
(145, '2023-05-02 23:49:01', 36.23, 'RLMI011012HMCIMJ09'),
(146, '2023-05-02 23:49:30', 36.11, 'RLMI011012HMCIMJ09'),
(147, '2023-05-02 23:49:59', 36.05, 'RLMI011012HMCIMJ09'),
(148, '2023-05-02 23:51:03', 36.21, 'SABJ031012MMCRJK11'),
(149, '2023-05-02 23:51:31', 36.23, 'SABJ031012MMCRJK11'),
(150, '2023-05-02 23:51:59', 36.21, 'SABJ031012MMCRJK11'),
(151, '2023-05-02 23:52:27', 36.23, 'SABJ031012MMCRJK11'),
(152, '2023-05-02 23:52:55', 36.23, 'SABJ031012MMCRJK11'),
(153, '2023-05-02 23:53:22', 36.21, 'SABJ031012MMCRJK11'),
(154, '2023-05-02 23:53:51', 36.23, 'SABJ031012MMCRJK11'),
(155, '2023-05-02 23:54:18', 36.28, 'SABJ031012MMCRJK11'),
(156, '2023-05-02 23:54:46', 36.25, 'SABJ031012MMCRJK11'),
(157, '2023-05-02 23:55:15', 36.29, 'SABJ031012MMCRJK11'),
(158, '2023-05-02 23:55:42', 36.25, 'SABJ031012MMCRJK11'),
(159, '2023-05-02 23:56:10', 36.36, 'SABJ031012MMCRJK11'),
(160, '2023-05-02 23:57:16', 36.48, 'AEME021121HCCRJK06'),
(161, '2023-05-02 23:57:44', 36.29, 'AEME021121HCCRJK06'),
(162, '2023-05-02 23:58:11', 36.16, 'AEME021121HCCRJK06'),
(163, '2023-05-02 23:58:39', 36.21, 'AEME021121HCCRJK06'),
(164, '2023-05-02 23:59:07', 36.22, 'AEME021121HCCRJK06'),
(165, '2023-05-02 23:59:35', 36.17, 'AEME021121HCCRJK06'),
(166, '2023-05-03 00:01:09', 36.1, 'AEME021121HCCRJK06'),
(167, '2023-05-03 00:01:37', 36.1, 'AEME021121HCCRJK06'),
(168, '2023-05-03 00:02:04', 36.21, 'AEME021121HCCRJK06'),
(169, '2023-05-03 00:02:33', 36.15, 'AEME021121HCCRJK06'),
(170, '2023-05-03 00:03:00', 36.09, 'AEME021121HCCRJK06'),
(171, '2023-05-03 00:03:28', 36.05, 'AEME021121HCCRJK06'),
(172, '2023-05-03 00:03:56', 36.07, 'AEME021121HCCRJK06'),
(173, '2023-05-03 00:04:24', 36.18, 'AEME021121HCCRJK06'),
(174, '2023-05-03 00:04:52', 36.11, 'AEME021121HCCRJK06'),
(175, '2023-05-03 00:05:20', 36.11, 'AEME021121HCCRJK06'),
(177, '2023-05-03 00:20:52', 36.01, 'OEAF771012MMCRGR09'),
(178, '2023-05-03 00:21:19', 36.17, 'OEAF771012MMCRGR09'),
(179, '2023-05-03 00:21:47', 36.07, 'OEAF771012MMCRGR09'),
(180, '2023-05-03 00:22:16', 36.06, 'OEAF771012MMCRGR09'),
(181, '2023-05-03 00:22:43', 36.07, 'OEAF771012MMCRGR09'),
(182, '2023-05-03 00:23:11', 36.23, 'OEAF771012MMCRGR09'),
(183, '2023-05-03 00:23:40', 36.23, 'OEAF771012MMCRGR09'),
(184, '2023-05-03 00:24:08', 36.23, 'OEAF771012MMCRGR09'),
(185, '2023-05-03 00:24:36', 36.23, 'OEAF771012MMCRGR09'),
(186, '2023-05-03 00:25:06', 36.23, 'OEAF771012MMCRGR09'),
(187, '2023-05-03 00:25:34', 36.23, 'OEAF771012MMCRGR09'),
(188, '2023-05-03 00:26:03', 36.22, 'OEAF771012MMCRGR09'),
(189, '2023-05-03 00:26:33', 36.16, 'OEAF771012MMCRGR09'),
(190, '2023-05-03 00:27:05', 36.16, 'OEAF771012MMCRGR09'),
(191, '2023-05-03 00:27:35', 36.23, 'OEAF771012MMCRGR09'),
(192, '2023-05-03 00:28:03', 36.23, 'OEAF771012MMCRGR09'),
(193, '2023-05-03 00:28:31', 36.23, 'OEAF771012MMCRGR09'),
(194, '2023-05-03 00:29:01', 36.23, 'OEAF771012MMCRGR09'),
(195, '2023-05-03 13:14:10', 37.19, 'OEAF771012MMCRGR09'),
(196, '2023-05-03 13:14:38', 37.13, 'OEAF771012MMCRGR09');

-- --------------------------------------------------------

--
-- Table structure for table `Ubicacion`
--

CREATE TABLE `Ubicacion` (
  `IDubicacion` int(128) NOT NULL,
  `Fecha` timestamp NOT NULL DEFAULT CURRENT_TIMESTAMP,
  `Coordenadas` varchar(128) NOT NULL,
  `CURPpaciente` varchar(128) NOT NULL
) ENGINE=InnoDB DEFAULT CHARSET=utf8mb4;

--
-- Dumping data for table `Ubicacion`
--

INSERT INTO `Ubicacion` (`IDubicacion`, `Fecha`, `Coordenadas`, `CURPpaciente`) VALUES
(225, '2023-05-02 23:44:41', '25.6504917,-100.2896881', 'RLMI011012HMCIMJ09'),
(226, '2023-05-02 23:45:10', '25.6504955,-100.2896957', 'RLMI011012HMCIMJ09'),
(227, '2023-05-02 23:45:39', '25.6505032,-100.2897034', 'RLMI011012HMCIMJ09'),
(228, '2023-05-02 23:46:08', '25.6505032,-100.2897034', 'RLMI011012HMCIMJ09'),
(229, '2023-05-02 23:46:37', '25.6505032,-100.2896957', 'RLMI011012HMCIMJ09'),
(230, '2023-05-02 23:47:05', '25.6505032,-100.2896957', 'RLMI011012HMCIMJ09'),
(231, '2023-05-02 23:47:34', '25.6505032,-100.2897034', 'RLMI011012HMCIMJ09'),
(232, '2023-05-02 23:48:03', '25.6505032,-100.2896957', 'RLMI011012HMCIMJ09'),
(233, '2023-05-02 23:48:32', '25.6505032,-100.2896957', 'RLMI011012HMCIMJ09'),
(234, '2023-05-02 23:49:01', '25.6505032,-100.2896957', 'RLMI011012HMCIMJ09'),
(235, '2023-05-02 23:49:30', '25.6505013,-100.2896957', 'RLMI011012HMCIMJ09'),
(236, '2023-05-02 23:49:59', '25.6413803,-100.2936783', 'RLMI011012HMCIMJ09'),
(237, '2023-05-02 23:51:04', '25.6505032,-100.2897034', 'SABJ031012MMCRJK11'),
(238, '2023-05-02 23:51:31', '25.6413803,-100.2936783', 'SABJ031012MMCRJK11'),
(239, '2023-05-02 23:51:59', '25.6505013,-100.2896957', 'SABJ031012MMCRJK11'),
(240, '2023-05-02 23:52:27', '25.6505032,-100.2897034', 'SABJ031012MMCRJK11'),
(241, '2023-05-02 23:52:55', '25.6505013,-100.2896957', 'SABJ031012MMCRJK11'),
(242, '2023-05-02 23:53:22', '25.6505013,-100.2896957', 'SABJ031012MMCRJK11'),
(243, '2023-05-02 23:53:51', '25.6504993,-100.2896957', 'SABJ031012MMCRJK11'),
(244, '2023-05-02 23:54:18', '25.6505032,-100.2897034', 'SABJ031012MMCRJK11'),
(245, '2023-05-02 23:54:46', '25.6504974,-100.2896957', 'SABJ031012MMCRJK11'),
(246, '2023-05-02 23:55:15', '25.6505013,-100.2896957', 'SABJ031012MMCRJK11'),
(247, '2023-05-02 23:55:42', '25.6413803,-100.2936783', 'SABJ031012MMCRJK11'),
(248, '2023-05-02 23:56:10', '25.6505013,-100.2896957', 'SABJ031012MMCRJK11'),
(249, '2023-05-02 23:57:16', '25.6505032,-100.2897034', 'AEME021121HCCRJK06'),
(250, '2023-05-02 23:57:44', '25.6505013,-100.2896957', 'AEME021121HCCRJK06'),
(251, '2023-05-02 23:58:11', '25.6505032,-100.2897034', 'AEME021121HCCRJK06'),
(252, '2023-05-02 23:58:39', '25.6505051,-100.2897034', 'AEME021121HCCRJK06'),
(253, '2023-05-02 23:59:07', '25.6505013,-100.2896957', 'AEME021121HCCRJK06'),
(254, '2023-05-02 23:59:35', '25.6504993,-100.2896957', 'AEME021121HCCRJK06'),
(255, '2023-05-03 00:01:09', '25.6505013,-100.2896957', 'AEME021121HCCRJK06'),
(256, '2023-05-03 00:01:37', '25.6505051,-100.2897034', 'AEME021121HCCRJK06'),
(257, '2023-05-03 00:02:04', '25.6505032,-100.2896957', 'AEME021121HCCRJK06'),
(258, '2023-05-03 00:02:33', '25.6505032,-100.2896957', 'AEME021121HCCRJK06'),
(259, '2023-05-03 00:03:00', '25.6505032,-100.2897034', 'AEME021121HCCRJK06'),
(260, '2023-05-03 00:03:28', '25.6505032,-100.2897034', 'AEME021121HCCRJK06'),
(261, '2023-05-03 00:03:56', '25.6504993,-100.2896957', 'AEME021121HCCRJK06'),
(262, '2023-05-03 00:04:24', '25.6413803,-100.2936783', 'AEME021121HCCRJK06'),
(263, '2023-05-03 00:04:52', '25.6505032,-100.2897034', 'AEME021121HCCRJK06'),
(264, '2023-05-03 00:05:20', '25.6505013,-100.2896957', 'AEME021121HCCRJK06'),
(265, '2023-05-03 00:19:49', '25.6505032,-100.2897034', 'OEAF771012MMCRGR09'),
(266, '2023-05-03 00:20:52', '25.6505013,-100.2896957', 'OEAF771012MMCRGR09'),
(267, '2023-05-03 00:21:20', '25.6504879,-100.2896881', 'OEAF771012MMCRGR09'),
(268, '2023-05-03 00:21:47', '25.6505032,-100.2896957', 'OEAF771012MMCRGR09'),
(269, '2023-05-03 00:22:16', '25.6505013,-100.2896957', 'OEAF771012MMCRGR09'),
(270, '2023-05-03 00:22:43', '25.6505032,-100.2897034', 'OEAF771012MMCRGR09'),
(271, '2023-05-03 00:23:11', '25.6504974,-100.2896957', 'OEAF771012MMCRGR09'),
(272, '2023-05-03 00:23:40', '25.6413803,-100.2936783', 'OEAF771012MMCRGR09'),
(273, '2023-05-03 00:24:08', '25.6505032,-100.2896957', 'OEAF771012MMCRGR09'),
(274, '2023-05-03 00:24:36', '25.6505051,-100.2897034', 'OEAF771012MMCRGR09'),
(275, '2023-05-03 00:25:06', '25.6505032,-100.2896957', 'OEAF771012MMCRGR09'),
(276, '2023-05-03 00:25:34', '25.6505032,-100.2896957', 'OEAF771012MMCRGR09'),
(277, '2023-05-03 00:26:03', '25.6504974,-100.2896957', 'OEAF771012MMCRGR09'),
(278, '2023-05-03 00:26:33', '25.6505051,-100.2897034', 'OEAF771012MMCRGR09'),
(279, '2023-05-03 00:27:05', '25.6505013,-100.2896957', 'OEAF771012MMCRGR09'),
(280, '2023-05-03 00:27:35', '25.6413803,-100.2936783', 'OEAF771012MMCRGR09'),
(281, '2023-05-03 00:28:03', '25.6505032,-100.2896957', 'OEAF771012MMCRGR09'),
(282, '2023-05-03 00:28:31', '25.6505051,-100.2897034', 'OEAF771012MMCRGR09'),
(283, '2023-05-03 00:29:01', '25.6505032,-100.2897034', 'OEAF771012MMCRGR09'),
(284, '2023-05-03 13:14:10', '25.6499367,-100.2904205', 'OEAF771012MMCRGR09'),
(285, '2023-05-03 13:14:38', '25.6499348,-100.2904205', 'OEAF771012MMCRGR09');

--
-- Indexes for dumped tables
--

--
-- Indexes for table `Asistencia`
--
ALTER TABLE `Asistencia`
  ADD PRIMARY KEY (`CURPempleado`,`CURPpaciente`),
  ADD KEY `CURPpaciente` (`CURPpaciente`);

--
-- Indexes for table `Brazalete`
--
ALTER TABLE `Brazalete`
  ADD PRIMARY KEY (`IDbrazalete`),
  ADD KEY `CURPpaciente` (`CURPpaciente`);

--
-- Indexes for table `Paciente`
--
ALTER TABLE `Paciente`
  ADD PRIMARY KEY (`CURP`);

--
-- Indexes for table `PersonalMedico`
--
ALTER TABLE `PersonalMedico`
  ADD PRIMARY KEY (`CURP`);

--
-- Indexes for table `Pulso`
--
ALTER TABLE `Pulso`
  ADD PRIMARY KEY (`IDpulso`),
  ADD KEY `CURPpaciente` (`CURPpaciente`);

--
-- Indexes for table `Temperatura`
--
ALTER TABLE `Temperatura`
  ADD PRIMARY KEY (`IDtemperatura`),
  ADD KEY `CURPpaciente` (`CURPpaciente`);

--
-- Indexes for table `Ubicacion`
--
ALTER TABLE `Ubicacion`
  ADD PRIMARY KEY (`IDubicacion`),
  ADD KEY `CURPpaciente` (`CURPpaciente`);

--
-- AUTO_INCREMENT for dumped tables
--

--
-- AUTO_INCREMENT for table `Brazalete`
--
ALTER TABLE `Brazalete`
  MODIFY `IDbrazalete` int(8) NOT NULL AUTO_INCREMENT, AUTO_INCREMENT=5;
--
-- AUTO_INCREMENT for table `Pulso`
--
ALTER TABLE `Pulso`
  MODIFY `IDpulso` int(128) NOT NULL AUTO_INCREMENT, AUTO_INCREMENT=212;
--
-- AUTO_INCREMENT for table `Temperatura`
--
ALTER TABLE `Temperatura`
  MODIFY `IDtemperatura` int(128) NOT NULL AUTO_INCREMENT, AUTO_INCREMENT=197;
--
-- AUTO_INCREMENT for table `Ubicacion`
--
ALTER TABLE `Ubicacion`
  MODIFY `IDubicacion` int(128) NOT NULL AUTO_INCREMENT, AUTO_INCREMENT=286;
--
-- Constraints for dumped tables
--

--
-- Constraints for table `Asistencia`
--
ALTER TABLE `Asistencia`
  ADD CONSTRAINT `asistencia_ibfk_1` FOREIGN KEY (`CURPempleado`) REFERENCES `PersonalMedico` (`CURP`),
  ADD CONSTRAINT `asistencia_ibfk_2` FOREIGN KEY (`CURPpaciente`) REFERENCES `Paciente` (`CURP`);

--
-- Constraints for table `Brazalete`
--
ALTER TABLE `Brazalete`
  ADD CONSTRAINT `brazalete_ibfk_1` FOREIGN KEY (`CURPpaciente`) REFERENCES `Paciente` (`CURP`);

--
-- Constraints for table `Pulso`
--
ALTER TABLE `Pulso`
  ADD CONSTRAINT `pulso_ibfk_1` FOREIGN KEY (`CURPpaciente`) REFERENCES `Paciente` (`CURP`);

--
-- Constraints for table `Temperatura`
--
ALTER TABLE `Temperatura`
  ADD CONSTRAINT `temperatura_ibfk_1` FOREIGN KEY (`CURPpaciente`) REFERENCES `Paciente` (`CURP`);

--
-- Constraints for table `Ubicacion`
--
ALTER TABLE `Ubicacion`
  ADD CONSTRAINT `ubicacion_ibfk_1` FOREIGN KEY (`CURPpaciente`) REFERENCES `Paciente` (`CURP`);
COMMIT;

/*!40101 SET CHARACTER_SET_CLIENT=@OLD_CHARACTER_SET_CLIENT */;
/*!40101 SET CHARACTER_SET_RESULTS=@OLD_CHARACTER_SET_RESULTS */;
/*!40101 SET COLLATION_CONNECTION=@OLD_COLLATION_CONNECTION */;
